node_id,left_child,right_child,feature,threshold,impurity,n_node_samples,weighted_n_node_samples,value,class
0,1,238,44,0.0024773121112957597,0.4998668662967425,29055684,29055684.0,"[0.49184114887813346, 0.5081588511218665]",1
1,2,121,29,7.296696276171133e-05,0.499864123119383,29020339,29020339.0,"[0.49175752219848295, 0.5082424778015171]",1
2,3,66,37,0.000742188683943823,0.4998667533380933,28916747,28916747.0,"[0.4918376883817533, 0.5081623116182467]",1
3,4,35,54,-0.0002266377123305574,0.49986490068080225,28853880,28853880.0,"[0.49178114000612744, 0.5082188599938726]",1
4,5,20,36,0.00293884240090847,0.4999955041525762,143733,143733.0,"[0.5014993077442201, 0.4985006922557798]",0
5,6,13,30,0.0024104620097205043,0.4999927349468999,143238,143238.0,"[0.5019059188204248, 0.49809408117957527]",0
6,7,10,1,0.0008300002082251012,0.49999673454591165,142043,142043.0,"[0.5012777820800743, 0.49872221791992566]",0
7,8,9,58,-0.002608823706395924,0.4999885560225721,138374,138374.0,"[0.5023920678740226, 0.4976079321259774]",0
8,-1,-1,-2,-2.0,0.48790123456790124,900,900.0,"[0.5777777777777777, 0.4222222222222222]",0
9,-1,-1,-2,-2.0,0.4999927910855476,137474,137474.0,"[0.5018985408149905, 0.49810145918500953]",0
10,11,12,61,-0.002019273117184639,0.4966793969882096,3669,3669.0,"[0.45925320250749524, 0.5407467974925048]",1
11,-1,-1,-2,-2.0,0.461680870758722,354,354.0,"[0.3615819209039548, 0.6384180790960452]",1
12,-1,-1,-2,-2.0,0.4981617902991339,3315,3315.0,"[0.46968325791855203, 0.530316742081448]",1
13,14,17,37,-0.0009041696903295815,0.4882743649445913,1195,1195.0,"[0.5765690376569038, 0.42343096234309624]",0
14,15,16,26,-0.012587684206664562,0.4318546781259234,279,279.0,"[0.6845878136200717, 0.3154121863799283]",0
15,-1,-1,-2,-2.0,0.375,16,16.0,"[0.25, 0.75]",1
16,-1,-1,-2,-2.0,0.41093553470485333,263,263.0,"[0.7110266159695817, 0.2889733840304182]",0
17,18,19,4,0.0012062335736118257,0.496186190194695,916,916.0,"[0.5436681222707423, 0.45633187772925765]",0
18,-1,-1,-2,-2.0,0.49776769968538737,883,883.0,"[0.5334088335220838, 0.4665911664779162]",0
19,-1,-1,-2,-2.0,0.2975206611570248,33,33.0,"[0.8181818181818182, 0.18181818181818182]",0
20,21,28,49,-0.001681910827755928,0.4730129578614427,495,495.0,"[0.3838383838383838, 0.6161616161616161]",1
21,22,25,26,-0.018708625808358192,0.4955803930162904,234,234.0,"[0.452991452991453, 0.5470085470085471]",1
22,23,24,16,-0.008900756016373634,0.20414201183431957,26,26.0,"[0.11538461538461539, 0.8846153846153846]",1
23,-1,-1,-2,-2.0,0.0,1,1.0,"[1.0, 0.0]",0
24,-1,-1,-2,-2.0,0.1472,25,25.0,"[0.08, 0.92]",1
25,26,27,28,7.552290117018856e-05,0.4999537721893491,208,208.0,"[0.4951923076923077, 0.5048076923076923]",1
26,-1,-1,-2,-2.0,0.488990634755463,155,155.0,"[0.4258064516129032, 0.5741935483870968]",1
27,-1,-1,-2,-2.0,0.421502313990744,53,53.0,"[0.6981132075471698, 0.3018867924528302]",0
28,29,32,6,0.0011947265593335032,0.43651737349715947,261,261.0,"[0.3218390804597701, 0.6781609195402298]",1
29,30,31,13,-0.005943079944700003,0.47902453186238936,166,166.0,"[0.39759036144578314, 0.6024096385542169]",1
30,-1,-1,-2,-2.0,0.0,8,8.0,"[1.0, 0.0]",0
31,-1,-1,-2,-2.0,0.4646691235378946,158,158.0,"[0.3670886075949367, 0.6329113924050633]",1
32,33,34,13,-0.0013296935940161347,0.30714681440443214,95,95.0,"[0.18947368421052632, 0.8105263157894737]",1
33,-1,-1,-2,-2.0,0.08317580340264652,46,46.0,"[0.043478260869565216, 0.9565217391304348]",1
34,-1,-1,-2,-2.0,0.4398167430237401,49,49.0,"[0.32653061224489793, 0.673469387755102]",1
35,36,51,51,-0.0004242465511197224,0.4998632964732025,28710147,28710147.0,"[0.49173248747211223, 0.5082675125278878]",1
36,37,44,32,0.0008918464300222695,0.4976273313461308,32256,32256.0,"[0.46555679563492064, 0.5344432043650794]",1
37,38,41,34,-0.0022874929709360003,0.49862693739453867,22613,22613.0,"[0.47379825763941097, 0.526201742360589]",1
38,39,40,48,0.00017298034072155133,0.48347107438016534,286,286.0,"[0.5909090909090909, 0.4090909090909091]",0
39,-1,-1,-2,-2.0,0.1840894148586456,39,39.0,"[0.8974358974358975, 0.10256410256410256]",0
40,-1,-1,-2,-2.0,0.49638577914733895,247,247.0,"[0.5425101214574899, 0.4574898785425101]",0
41,42,43,47,-0.00232951866928488,0.49846521106737274,22327,22327.0,"[0.4722981143906481, 0.5277018856093519]",1
42,-1,-1,-2,-2.0,0.4837829338963635,844,844.0,"[0.4099526066350711, 0.590047393364929]",1
43,-1,-1,-2,-2.0,0.4987246199367411,21483,21483.0,"[0.47474747474747475, 0.5252525252525253]",1
44,45,48,40,0.0033433748176321387,0.49421766587015414,9643,9643.0,"[0.4462304262159079, 0.5537695737840921]",1
45,46,47,28,0.0029393351869657636,0.4928652887962818,8949,8949.0,"[0.4402726561626997, 0.5597273438373003]",1
46,-1,-1,-2,-2.0,0.49230891546229405,8845,8845.0,"[0.43798756359525154, 0.5620124364047484]",1
47,-1,-1,-2,-2.0,0.46375739644970415,104,104.0,"[0.6346153846153846, 0.36538461538461536]",0
48,49,50,48,0.006599705899134278,0.49893695653979353,694,694.0,"[0.5230547550432276, 0.4769452449567723]",0
49,-1,-1,-2,-2.0,0.4998123227338248,671,671.0,"[0.5096870342771982, 0.4903129657228018]",0
50,-1,-1,-2,-2.0,0.1587901701323251,23,23.0,"[0.9130434782608695, 0.08695652173913043]",0
51,52,59,33,0.0033752655144780874,0.4998642683749124,28677891,28677891.0,"[0.4917619290763048, 0.5082380709236952]",1
52,53,56,51,5.780488208984025e-05,0.4998642352528281,28677791,28677791.0,"[0.491760923984696, 0.5082390760153039]",1
53,54,55,9,-1.5191440979833715e-05,0.4998636166123036,28626662,28626662.0,"[0.49174217378191004, 0.50825782621809]",1
54,-1,-1,-2,-2.0,0.49893847830967675,27845,27845.0,"[0.4769617525588077, 0.5230382474411923]",1
55,-1,-1,-2,-2.0,0.49986409154613776,28598817,28598817.0,"[0.49175656461594197, 0.508243435384058]",1
56,57,58,28,-0.0001511190421297215,0.4999897939106357,51129,51129.0,"[0.5022589919615091, 0.49774100803849086]",0
57,-1,-1,-2,-2.0,0.4983975650570316,4840,4840.0,"[0.4716942148760331, 0.528305785123967]",1
58,-1,-1,-2,-2.0,0.4999404890116146,46289,46289.0,"[0.5054548596858865, 0.4945451403141135]",0
59,60,63,56,-0.0018462903099134564,0.34319999999999995,100,100.0,"[0.78, 0.22]",0
60,61,62,5,0.004235161934047937,0.10922075194286918,69,69.0,"[0.9420289855072463, 0.057971014492753624]",0
61,-1,-1,-2,-2.0,0.029843893480257067,66,66.0,"[0.9848484848484849, 0.015151515151515152]",0
62,-1,-1,-2,-2.0,0.0,3,3.0,"[0.0, 1.0]",1
63,64,65,0,0.0037684314884245396,0.48699271592091575,31,31.0,"[0.41935483870967744, 0.5806451612903226]",1
64,-1,-1,-2,-2.0,0.4965277777777778,24,24.0,"[0.5416666666666666, 0.4583333333333333]",0
65,-1,-1,-2,-2.0,0.0,7,7.0,"[0.0, 1.0]",1
66,67,90,46,-0.0028840237064287066,0.4993669230524088,62867,62867.0,"[0.5177915281467225, 0.48220847185327753]",0
67,68,81,47,-0.0027897399850189686,0.4767252298742728,1168,1168.0,"[0.6078767123287672, 0.3921232876712329]",0
68,69,76,49,-0.00918521173298359,0.3783706312319568,221,221.0,"[0.746606334841629, 0.25339366515837103]",0
69,70,73,11,-0.013074712827801704,0.4943413309189678,47,47.0,"[0.5531914893617021, 0.44680851063829785]",0
70,71,72,60,0.001914205204229802,0.4120707596253902,31,31.0,"[0.7096774193548387, 0.2903225806451613]",0
71,-1,-1,-2,-2.0,0.2603550295857988,26,26.0,"[0.8461538461538461, 0.15384615384615385]",0
72,-1,-1,-2,-2.0,0.0,5,5.0,"[0.0, 1.0]",1
73,74,75,11,-0.010276713408529758,0.375,16,16.0,"[0.25, 0.75]",1
74,-1,-1,-2,-2.0,0.1527777777777778,12,12.0,"[0.08333333333333333, 0.9166666666666666]",1
75,-1,-1,-2,-2.0,0.375,4,4.0,"[0.75, 0.25]",0
76,77,80,28,-0.00047924403042998165,0.32137666798784514,174,174.0,"[0.7988505747126436, 0.20114942528735633]",0
77,78,79,54,0.004765350371599197,0.3042303614787456,171,171.0,"[0.8128654970760234, 0.1871345029239766]",0
78,-1,-1,-2,-2.0,0.28699487253038836,167,167.0,"[0.8263473053892215, 0.17365269461077845]",0
79,-1,-1,-2,-2.0,0.375,4,4.0,"[0.25, 0.75]",1
80,-1,-1,-2,-2.0,0.0,3,3.0,"[0.0, 1.0]",1
81,82,83,39,-0.009846066124737263,0.4885990216422895,947,947.0,"[0.5755015839493136, 0.4244984160506864]",0
82,-1,-1,-2,-2.0,0.0,16,16.0,"[0.0, 1.0]",1
83,84,87,0,0.0022245547734200954,0.4854163950616145,931,931.0,"[0.5853920515574651, 0.4146079484425349]",0
84,85,86,27,-0.0002997664560098201,0.49638684309224124,647,647.0,"[0.5425038639876353, 0.4574961360123648]",0
85,-1,-1,-2,-2.0,0.49994815020677696,491,491.0,"[0.505091649694501, 0.49490835030549896]",0
86,-1,-1,-2,-2.0,0.4486357659434582,156,156.0,"[0.6602564102564102, 0.33974358974358976]",0
87,88,89,10,0.0033477487741038203,0.4329498115453283,284,284.0,"[0.6830985915492958, 0.31690140845070425]",0
88,-1,-1,-2,-2.0,0.3880341198979592,224,224.0,"[0.7366071428571429, 0.26339285714285715]",0
89,-1,-1,-2,-2.0,0.49944444444444447,60,60.0,"[0.48333333333333334, 0.5166666666666667]",1
90,91,106,52,0.00026378940674476326,0.4994824708981416,61699,61699.0,"[0.5160861602295013, 0.48391383977049873]",0
91,92,99,25,0.0029415179742500186,0.49935484600062585,59993,59993.0,"[0.5179604287166836, 0.48203957128331637]",0
92,93,96,41,0.003129987046122551,0.4995232216703358,55700,55700.0,"[0.515439856373429, 0.4845601436265709]",0
93,94,95,0,-0.002126247971318662,0.4994890892926499,55434,55434.0,"[0.5159829707399791, 0.48401702926002094]",0
94,-1,-1,-2,-2.0,0.48771365960555146,925,925.0,"[0.5783783783783784, 0.42162162162162165]",0
95,-1,-1,-2,-2.0,0.49955454003276156,54509,54509.0,"[0.5149241409675467, 0.48507585903245337]",0
96,97,98,42,0.0036562972236424685,0.48089207982361915,266,266.0,"[0.40225563909774437, 0.5977443609022557]",1
97,-1,-1,-2,-2.0,0.47729105079279766,61,61.0,"[0.6065573770491803, 0.39344262295081966]",0
98,-1,-1,-2,-2.0,0.44973230220107074,205,205.0,"[0.34146341463414637, 0.6585365853658537]",1
99,100,103,35,-0.0014051116304472089,0.4948663442657615,4293,4293.0,"[0.5506638714185884, 0.4493361285814116]",0
100,101,102,37,0.004403412574902177,0.40816326530612246,63,63.0,"[0.2857142857142857, 0.7142857142857143]",1
101,-1,-1,-2,-2.0,0.332409972299169,57,57.0,"[0.21052631578947367, 0.7894736842105263]",1
102,-1,-1,-2,-2.0,0.0,6,6.0,"[1.0, 0.0]",0
103,104,105,22,0.0053446360398083925,0.4940355112921885,4230,4230.0,"[0.5546099290780142, 0.4453900709219858]",0
104,-1,-1,-2,-2.0,0.4949060601045878,4171,4171.0,"[0.5504675137856629, 0.4495324862143371]",0
105,-1,-1,-2,-2.0,0.25854639471416263,59,59.0,"[0.847457627118644, 0.15254237288135594]",0
106,107,114,41,0.0003753753408091143,0.4950351081418729,1706,1706.0,"[0.4501758499413834, 0.5498241500586166]",1
107,108,111,56,-0.0037527679232880473,0.48164150740435296,1002,1002.0,"[0.4041916167664671, 0.5958083832335329]",1
108,109,110,46,-0.0003489609807729721,0.34357943119793166,118,118.0,"[0.22033898305084745, 0.7796610169491526]",1
109,-1,-1,-2,-2.0,0.4748021657642649,49,49.0,"[0.3877551020408163, 0.6122448979591837]",1
110,-1,-1,-2,-2.0,0.18231463978155849,69,69.0,"[0.10144927536231885, 0.8985507246376812]",1
111,112,113,54,-0.004178842529654503,0.48984203845130114,884,884.0,"[0.4287330316742081, 0.5712669683257918]",1
112,-1,-1,-2,-2.0,0.375,24,24.0,"[0.75, 0.25]",0
113,-1,-1,-2,-2.0,0.4871254732287723,860,860.0,"[0.4197674418604651, 0.5802325581395349]",1
114,115,118,44,-0.0003609286795835942,0.49951171875,704,704.0,"[0.515625, 0.484375]",0
115,116,117,4,-0.00018895384710049257,0.45619200000000004,125,125.0,"[0.648, 0.352]",0
116,-1,-1,-2,-2.0,0.33539371136791185,61,61.0,"[0.7868852459016393, 0.21311475409836064]",0
117,-1,-1,-2,-2.0,0.49951171875,64,64.0,"[0.515625, 0.484375]",0
118,119,120,37,0.0008561487193219364,0.4996644205213563,579,579.0,"[0.48704663212435234, 0.5129533678756477]",1
119,-1,-1,-2,-2.0,0.44973230220107074,82,82.0,"[0.6585365853658537, 0.34146341463414637]",0
120,-1,-1,-2,-2.0,0.49659728997728825,497,497.0,"[0.45875251509054327, 0.5412474849094567]",1
121,122,175,10,-0.003484330722130835,0.4981248158769631,103592,103592.0,"[0.4693798748938142, 0.5306201251061858]",1
122,123,146,44,-0.004392176168039441,0.48361226838401905,6308,6308.0,"[0.40948002536461636, 0.5905199746353836]",1
123,124,135,47,-0.0024149528471753,0.4518430439952438,1247,1247.0,"[0.3448275862068966, 0.6551724137931034]",1
124,125,130,11,-0.0010559360671322793,0.32230029585798814,104,104.0,"[0.20192307692307693, 0.7980769230769231]",1
125,126,129,2,0.0060762218199670315,0.4844290657439446,34,34.0,"[0.4117647058823529, 0.5882352941176471]",1
126,127,128,45,-0.004475353052839637,0.4970414201183432,26,26.0,"[0.5384615384615384, 0.46153846153846156]",0
127,-1,-1,-2,-2.0,0.2777777777777778,12,12.0,"[0.8333333333333334, 0.16666666666666666]",0
128,-1,-1,-2,-2.0,0.40816326530612246,14,14.0,"[0.2857142857142857, 0.7142857142857143]",1
129,-1,-1,-2,-2.0,0.0,8,8.0,"[0.0, 1.0]",1
130,131,134,63,0.010225336533039808,0.18000000000000005,70,70.0,"[0.1, 0.9]",1
131,132,133,7,0.005710149649530649,0.1587901701323251,69,69.0,"[0.08695652173913043, 0.9130434782608695]",1
132,-1,-1,-2,-2.0,0.07262370950516195,53,53.0,"[0.03773584905660377, 0.9622641509433962]",1
133,-1,-1,-2,-2.0,0.375,16,16.0,"[0.25, 0.75]",1
134,-1,-1,-2,-2.0,0.0,1,1.0,"[1.0, 0.0]",0
135,136,143,14,0.00899873161688447,0.45957553643502347,1143,1143.0,"[0.357830271216098, 0.642169728783902]",1
136,137,140,1,0.014575850684195757,0.4563176442947764,1130,1130.0,"[0.35221238938053095, 0.647787610619469]",1
137,138,139,22,0.009125859942287207,0.46112484645698193,1101,1101.0,"[0.3605812897366031, 0.6394187102633969]",1
138,-1,-1,-2,-2.0,0.4550855919920406,1051,1051.0,"[0.35014272121788775, 0.6498572787821123]",1
139,-1,-1,-2,-2.0,0.48719999999999997,50,50.0,"[0.58, 0.42]",0
140,141,142,35,-0.015954652801156044,0.06658739595719376,29,29.0,"[0.034482758620689655, 0.9655172413793104]",1
141,-1,-1,-2,-2.0,0.5,2,2.0,"[0.5, 0.5]",0
142,-1,-1,-2,-2.0,0.0,27,27.0,"[0.0, 1.0]",1
143,144,145,8,0.008417170494794846,0.2603550295857988,13,13.0,"[0.8461538461538461, 0.15384615384615385]",0
144,-1,-1,-2,-2.0,0.0,11,11.0,"[1.0, 0.0]",0
145,-1,-1,-2,-2.0,0.0,2,2.0,"[0.0, 1.0]",1
146,147,160,43,0.0005354989261832088,0.4888726632104722,5061,5061.0,"[0.4254099980241059, 0.574590001975894]",1
147,148,153,10,-0.009005876258015633,0.4960814362735618,2214,2214.0,"[0.45573622402890696, 0.544263775971093]",1
148,149,152,16,0.018956339918076992,0.4432099142272824,181,181.0,"[0.3314917127071823, 0.6685082872928176]",1
149,150,151,22,0.0022890048567205667,0.4267102040816326,175,175.0,"[0.30857142857142855, 0.6914285714285714]",1
150,-1,-1,-2,-2.0,0.4831320283215327,98,98.0,"[0.40816326530612246, 0.5918367346938775]",1
151,-1,-1,-2,-2.0,0.2975206611570248,77,77.0,"[0.18181818181818182, 0.8181818181818182]",1
152,-1,-1,-2,-2.0,0.0,6,6.0,"[1.0, 0.0]",0
153,154,157,26,0.002249176148325205,0.4977952325730223,2033,2033.0,"[0.46679783571077227, 0.5332021642892277]",1
154,155,156,9,-0.0007484287198167294,0.4953100896045879,1714,1714.0,"[0.4515752625437573, 0.5484247374562428]",1
155,-1,-1,-2,-2.0,0.4910409820819641,254,254.0,"[0.5669291338582677, 0.4330708661417323]",0
156,-1,-1,-2,-2.0,0.4906173766185026,1460,1460.0,"[0.4315068493150685, 0.5684931506849316]",1
157,158,159,37,-0.007925153709948063,0.4952781517477226,319,319.0,"[0.54858934169279, 0.45141065830721006]",0
158,-1,-1,-2,-2.0,0.2777777777777778,18,18.0,"[0.16666666666666666, 0.8333333333333334]",1
159,-1,-1,-2,-2.0,0.4897959183673469,301,301.0,"[0.5714285714285714, 0.42857142857142855]",0
160,161,168,54,0.008902538102120161,0.480723921519568,2847,2847.0,"[0.4018264840182648, 0.5981735159817352]",1
161,162,165,12,0.0024363697739318013,0.47323013550454385,2243,2243.0,"[0.3843067320552831, 0.6156932679447169]",1
162,163,164,56,0.005587638821452856,0.4829142712585751,1796,1796.0,"[0.40757238307349664, 0.5924276169265034]",1
163,-1,-1,-2,-2.0,0.47995381063893616,1733,1733.0,"[0.3998845931909983, 0.6001154068090018]",1
164,-1,-1,-2,-2.0,0.47165532879818595,63,63.0,"[0.6190476190476191, 0.38095238095238093]",0
165,166,167,10,-0.0061347701121121645,0.4124939317047781,447,447.0,"[0.29082774049217003, 0.70917225950783]",1
166,-1,-1,-2,-2.0,0.2535083748302399,94,94.0,"[0.14893617021276595, 0.851063829787234]",1
167,-1,-1,-2,-2.0,0.44125223699732763,353,353.0,"[0.3286118980169972, 0.6713881019830028]",1
168,169,172,44,-0.0021512057865038514,0.4978071137230823,604,604.0,"[0.46688741721854304, 0.5331125827814569]",1
169,170,171,55,0.0019244362483732402,0.4852294921875,384,384.0,"[0.4140625, 0.5859375]",1
170,-1,-1,-2,-2.0,0.48125294626712356,377,377.0,"[0.40318302387267907, 0.596816976127321]",1
171,-1,-1,-2,-2.0,0.0,7,7.0,"[1.0, 0.0]",0
172,173,174,20,0.004676918964833021,0.49301652892561987,220,220.0,"[0.5590909090909091, 0.4409090909090909]",0
173,-1,-1,-2,-2.0,0.4859778851216776,209,209.0,"[0.583732057416268, 0.41626794258373206]",0
174,-1,-1,-2,-2.0,0.1652892561983471,11,11.0,"[0.09090909090909091, 0.9090909090909091]",1
175,176,207,43,3.065628516196739e-05,0.4985703561448822,97284,97284.0,"[0.4732638460589614, 0.5267361539410386]",1
176,177,192,61,-0.0013132556341588497,0.4999915879353496,13409,13409.0,"[0.5020508613617719, 0.49794913863822804]",0
177,178,185,13,-0.0017072001355700195,0.49525668953569624,1961,1961.0,"[0.45130035696073434, 0.5486996430392657]",1
178,179,182,42,0.002157827722840011,0.4806925878606434,229,229.0,"[0.5982532751091703, 0.4017467248908297]",0
179,180,181,51,-0.0012199670891277492,0.4999741214222866,139,139.0,"[0.5035971223021583, 0.49640287769784175]",0
180,-1,-1,-2,-2.0,0.4234404536862004,46,46.0,"[0.6956521739130435, 0.30434782608695654]",0
181,-1,-1,-2,-2.0,0.4832928662273095,93,93.0,"[0.40860215053763443, 0.5913978494623656]",1
182,183,184,58,-0.0038055164040997624,0.38049382716049385,90,90.0,"[0.7444444444444445, 0.25555555555555554]",0
183,-1,-1,-2,-2.0,0.375,8,8.0,"[0.25, 0.75]",1
184,-1,-1,-2,-2.0,0.32867340868530637,82,82.0,"[0.7926829268292683, 0.2073170731707317]",0
185,186,189,52,0.0010252113570459187,0.4907167887182715,1732,1732.0,"[0.43187066974595845, 0.5681293302540416]",1
186,187,188,38,-0.0005623960169032216,0.49378168853325644,1632,1632.0,"[0.44424019607843135, 0.5557598039215687]",1
187,-1,-1,-2,-2.0,0.4280618311533888,58,58.0,"[0.6896551724137931, 0.3103448275862069]",0
188,-1,-1,-2,-2.0,0.49160112953667356,1574,1574.0,"[0.43519695044472684, 0.5648030495552732]",1
189,190,191,30,0.00030668789986521006,0.35419999999999996,100,100.0,"[0.23, 0.77]",1
190,-1,-1,-2,-2.0,0.2906574394463668,85,85.0,"[0.17647058823529413, 0.8235294117647058]",1
191,-1,-1,-2,-2.0,0.49777777777777776,15,15.0,"[0.5333333333333333, 0.4666666666666667]",0
192,193,200,18,0.0014678571023978293,0.49976912283708885,11448,11448.0,"[0.5107442348008385, 0.4892557651991614]",0
193,194,197,26,-0.0007854201248846948,0.499952218567122,10741,10741.0,"[0.5048878130527884, 0.4951121869472116]",0
194,195,196,4,-0.0004286813345970586,0.49504913975102527,1015,1015.0,"[0.45024630541871924, 0.5497536945812808]",1
195,-1,-1,-2,-2.0,0.499289790661852,796,796.0,"[0.48115577889447236, 0.5188442211055276]",1
196,-1,-1,-2,-2.0,0.44744688392652365,219,219.0,"[0.3378995433789954, 0.6621004566210046]",1
197,198,199,10,0.0006676449265796691,0.4997756965700836,9726,9726.0,"[0.5105901706765371, 0.4894098293234629]",0
198,-1,-1,-2,-2.0,0.4998946210038936,9368,9368.0,"[0.5072587532023911, 0.4927412467976089]",0
199,-1,-1,-2,-2.0,0.48088386754470835,358,358.0,"[0.5977653631284916, 0.4022346368715084]",0
200,201,204,57,0.0001036545836541336,0.4801129941242255,707,707.0,"[0.5997171145685997, 0.4002828854314003]",0
201,202,203,10,0.0020380800124257803,0.49999193561394173,249,249.0,"[0.5020080321285141, 0.4979919678714859]",0
202,-1,-1,-2,-2.0,0.4969871353808303,219,219.0,"[0.4611872146118721, 0.5388127853881278]",1
203,-1,-1,-2,-2.0,0.31999999999999995,30,30.0,"[0.8, 0.2]",0
204,205,206,22,0.0006047714268788695,0.4532808298850136,458,458.0,"[0.6528384279475983, 0.3471615720524017]",0
205,-1,-1,-2,-2.0,0.372109922050469,174,174.0,"[0.7528735632183908, 0.2471264367816092]",0
206,-1,-1,-2,-2.0,0.48323745288633213,284,284.0,"[0.5915492957746479, 0.4084507042253521]",0
207,208,223,49,0.00021547753567574546,0.49803582177544914,83875,83875.0,"[0.46866169895678095, 0.5313383010432191]",1
208,209,216,29,0.00015742106188554317,0.4998950268621911,8972,8972.0,"[0.4927552385198395, 0.5072447614801605]",1
209,210,213,29,0.00015607050590915605,0.49838542535477337,4593,4593.0,"[0.4715871979098628, 0.5284128020901372]",1
210,211,212,57,0.0008369782590307295,0.49867148474864487,4559,4559.0,"[0.4742268041237113, 0.5257731958762887]",1
211,-1,-1,-2,-2.0,0.49840368094358134,4513,4513.0,"[0.4717482827387547, 0.5282517172612453]",1
212,-1,-1,-2,-2.0,0.4054820415879017,46,46.0,"[0.717391304347826, 0.2826086956521739]",0
213,214,215,15,1.5589958820783067e-05,0.2076124567474048,34,34.0,"[0.11764705882352941, 0.8823529411764706]",1
214,-1,-1,-2,-2.0,0.3911111111111111,15,15.0,"[0.26666666666666666, 0.7333333333333333]",1
215,-1,-1,-2,-2.0,0.0,19,19.0,"[0.0, 1.0]",1
216,217,220,2,-0.000300663014058955,0.4995525312556697,4379,4379.0,"[0.5149577529116237, 0.48504224708837634]",0
217,218,219,29,0.0010064722155220807,0.4990571313675429,1635,1635.0,"[0.4782874617737003, 0.5217125382262997]",1
218,-1,-1,-2,-2.0,0.4959515278694573,1178,1178.0,"[0.45500848896434637, 0.5449915110356537]",1
219,-1,-1,-2,-2.0,0.49706725912022565,457,457.0,"[0.5382932166301969, 0.4617067833698031]",0
220,221,222,30,0.0007349981460720301,0.4972904040833326,2744,2744.0,"[0.5368075801749271, 0.46319241982507287]",0
221,-1,-1,-2,-2.0,0.4946739491006906,2306,2306.0,"[0.5516045099739809, 0.4483954900260191]",0
222,-1,-1,-2,-2.0,0.49662225558266093,438,438.0,"[0.4589041095890411, 0.541095890410959]",1
223,224,231,37,-0.006204318720847368,0.4976573995921053,74903,74903.0,"[0.46577573661936106, 0.534224263380639]",1
224,225,228,42,0.009230098221451044,0.345679012345679,117,117.0,"[0.2222222222222222, 0.7777777777777778]",1
225,226,227,33,0.024204482324421406,0.269312922748309,106,106.0,"[0.16037735849056603, 0.839622641509434]",1
226,-1,-1,-2,-2.0,0.2348949005561316,103,103.0,"[0.13592233009708737, 0.8640776699029126]",1
227,-1,-1,-2,-2.0,0.0,3,3.0,"[1.0, 0.0]",0
228,229,230,11,-0.010728254215791821,0.2975206611570248,11,11.0,"[0.8181818181818182, 0.18181818181818182]",0
229,-1,-1,-2,-2.0,0.0,1,1.0,"[0.0, 1.0]",1
230,-1,-1,-2,-2.0,0.18000000000000005,10,10.0,"[0.9, 0.1]",0
231,232,235,15,-0.002461194759234786,0.4977092712020984,74786,74786.0,"[0.46615676730938943, 0.5338432326906105]",1
232,233,234,58,0.005332495318725705,0.4328987354180963,202,202.0,"[0.31683168316831684, 0.6831683168316832]",1
233,-1,-1,-2,-2.0,0.4167013744273219,196,196.0,"[0.29591836734693877, 0.7040816326530612]",1
234,-1,-1,-2,-2.0,0.0,6,6.0,"[1.0, 0.0]",0
235,236,237,13,-0.0030002458952367306,0.4977636923392763,74584,74584.0,"[0.4665611927491151, 0.5334388072508849]",1
236,-1,-1,-2,-2.0,0.4953173777315296,682,682.0,"[0.5483870967741935, 0.45161290322580644]",0
237,-1,-1,-2,-2.0,0.4976615499596584,73902,73902.0,"[0.4658060674947904, 0.5341939325052096]",1
238,239,300,21,0.005173625657334924,0.4926786270075014,35345,35345.0,"[0.5605036072994766, 0.43949639270052343]",0
239,240,291,46,0.016933530569076538,0.49628013082713407,24567,24567.0,"[0.5431269589286442, 0.4568730410713559]",0
240,241,270,4,0.0038456697948276997,0.49616156692241464,24527,24527.0,"[0.5438088637012273, 0.4561911362987728]",0
241,242,255,37,-0.005986452102661133,0.4964979765362425,24053,24053.0,"[0.541845092088305, 0.458154907911695]",0
242,243,250,57,-0.011558589059859514,0.465702947845805,168,168.0,"[0.36904761904761907, 0.6309523809523809]",1
243,244,247,42,0.00493185268715024,0.42603550295857984,26,26.0,"[0.6923076923076923, 0.3076923076923077]",0
244,245,246,1,0.011973010376095772,0.2076124567474048,17,17.0,"[0.8823529411764706, 0.11764705882352941]",0
245,-1,-1,-2,-2.0,0.0,15,15.0,"[1.0, 0.0]",0
246,-1,-1,-2,-2.0,0.0,2,2.0,"[0.0, 1.0]",1
247,248,249,23,-0.0017786853713914752,0.4444444444444444,9,9.0,"[0.3333333333333333, 0.6666666666666666]",1
248,-1,-1,-2,-2.0,0.0,5,5.0,"[0.0, 1.0]",1
249,-1,-1,-2,-2.0,0.375,4,4.0,"[0.75, 0.25]",0
250,251,252,32,-0.007175472332164645,0.4276929180718112,142,142.0,"[0.30985915492957744, 0.6901408450704225]",1
251,-1,-1,-2,-2.0,0.0,4,4.0,"[1.0, 0.0]",0
252,253,254,34,-0.004101240541785955,0.41167821886158373,138,138.0,"[0.2898550724637681, 0.7101449275362319]",1
253,-1,-1,-2,-2.0,0.48,20,20.0,"[0.6, 0.4]",0
254,-1,-1,-2,-2.0,0.36196495259982764,118,118.0,"[0.23728813559322035, 0.7627118644067796]",1
255,256,263,19,0.003706988296471536,0.4962915869859804,23885,23885.0,"[0.5430604982206406, 0.45693950177935944]",0
256,257,260,21,0.0018874434754252434,0.4966763189492309,23169,23169.0,"[0.540765678277008, 0.45923432172299194]",0
257,258,259,28,-0.00309300038497895,0.4999799964873832,3162,3162.0,"[0.49683744465528146, 0.5031625553447185]",1
258,-1,-1,-2,-2.0,0.4850066077526096,641,641.0,"[0.41341653666146644, 0.5865834633385335]",1
259,-1,-1,-2,-2.0,0.49934851098452493,2521,2521.0,"[0.5180483934946449, 0.481951606505355]",0
260,261,262,24,-0.003433676087297499,0.49544783582256435,20007,20007.0,"[0.547708302094267, 0.452291697905733]",0
261,-1,-1,-2,-2.0,0.38132807363576593,39,39.0,"[0.2564102564102564, 0.7435897435897436]",1
262,-1,-1,-2,-2.0,0.49533861550275315,19968,19968.0,"[0.5482772435897436, 0.4517227564102564]",0
263,264,267,26,-0.0035709727089852095,0.47247276926438,716,716.0,"[0.61731843575419, 0.38268156424581007]",0
264,265,266,25,0.010116576682776213,0.37877811847767273,197,197.0,"[0.7461928934010152, 0.25380710659898476]",0
265,-1,-1,-2,-2.0,0.33539371136791185,183,183.0,"[0.7868852459016393, 0.21311475409836064]",0
266,-1,-1,-2,-2.0,0.33673469387755106,14,14.0,"[0.21428571428571427, 0.7857142857142857]",1
267,268,269,33,-0.008622858207672834,0.49064266913176,519,519.0,"[0.5684007707129094, 0.43159922928709055]",0
268,-1,-1,-2,-2.0,0.2873345935727788,23,23.0,"[0.17391304347826086, 0.8260869565217391]",1
269,-1,-1,-2,-2.0,0.48496845733610827,496,496.0,"[0.5866935483870968, 0.41330645161290325]",0
270,271,282,49,0.0032178869005292654,0.45883850522530223,474,474.0,"[0.6434599156118144, 0.35654008438818563]",0
271,272,277,18,-0.00018217494653072208,0.39637239019515813,257,257.0,"[0.7276264591439688, 0.2723735408560311]",0
272,273,274,32,-0.000508038981934078,0.4871208657216888,81,81.0,"[0.5802469135802469, 0.41975308641975306]",0
273,-1,-1,-2,-2.0,0.0,7,7.0,"[0.0, 1.0]",1
274,275,276,16,-0.0013064536033198237,0.4634769905040176,74,74.0,"[0.6351351351351351, 0.36486486486486486]",0
275,-1,-1,-2,-2.0,0.49972958355868036,43,43.0,"[0.4883720930232558, 0.5116279069767442]",1
276,-1,-1,-2,-2.0,0.27055150884495316,31,31.0,"[0.8387096774193549, 0.16129032258064516]",0
277,278,279,25,-0.0012300671660341322,0.3254132231404959,176,176.0,"[0.7954545454545454, 0.20454545454545456]",0
278,-1,-1,-2,-2.0,0.0,27,27.0,"[1.0, 0.0]",0
279,280,281,39,-0.007653632666915655,0.3664699788297825,149,149.0,"[0.7583892617449665, 0.24161073825503357]",0
280,-1,-1,-2,-2.0,0.0,3,3.0,"[0.0, 1.0]",1
281,-1,-1,-2,-2.0,0.34987802589604056,146,146.0,"[0.773972602739726, 0.22602739726027396]",0
282,283,290,16,0.00991913815960288,0.496166833018327,217,217.0,"[0.543778801843318, 0.45622119815668205]",0
283,284,287,54,0.002050776151008904,0.499054820415879,207,207.0,"[0.5217391304347826, 0.4782608695652174]",0
284,285,286,45,-0.0011771675199270248,0.4054820415879017,46,46.0,"[0.717391304347826, 0.2826086956521739]",0
285,-1,-1,-2,-2.0,0.40816326530612246,14,14.0,"[0.2857142857142857, 0.7142857142857143]",1
286,-1,-1,-2,-2.0,0.169921875,32,32.0,"[0.90625, 0.09375]",0
287,288,289,3,-0.008233955129981041,0.49766598510859916,161,161.0,"[0.4658385093167702, 0.5341614906832298]",1
288,-1,-1,-2,-2.0,0.4296875,32,32.0,"[0.6875, 0.3125]",0
289,-1,-1,-2,-2.0,0.4841055225046572,129,129.0,"[0.4108527131782946, 0.5891472868217055]",1
290,-1,-1,-2,-2.0,0.0,10,10.0,"[1.0, 0.0]",0
291,292,297,58,0.010413336101919413,0.21875,40,40.0,"[0.125, 0.875]",1
292,293,294,36,0.007169650634750724,0.1490138787436085,37,37.0,"[0.08108108108108109, 0.918918918918919]",1
293,-1,-1,-2,-2.0,0.0,27,27.0,"[0.0, 1.0]",1
294,295,296,57,0.01315090712159872,0.42000000000000004,10,10.0,"[0.3, 0.7]",1
295,-1,-1,-2,-2.0,0.0,3,3.0,"[1.0, 0.0]",0
296,-1,-1,-2,-2.0,0.0,7,7.0,"[0.0, 1.0]",1
297,298,299,42,-0.013511791359633207,0.4444444444444444,3,3.0,"[0.6666666666666666, 0.3333333333333333]",0
298,-1,-1,-2,-2.0,0.0,1,1.0,"[0.0, 1.0]",1
299,-1,-1,-2,-2.0,0.0,2,2.0,"[1.0, 0.0]",0
300,301,336,17,0.004360860446467996,0.479955440043516,10778,10778.0,"[0.6001113379105586, 0.39988866208944146]",0
301,302,307,29,-0.015360659454017878,0.48813560260369127,6693,6693.0,"[0.5770207679665322, 0.4229792320334678]",0
302,303,306,25,0.01738888630643487,0.18000000000000005,40,40.0,"[0.9, 0.1]",0
303,304,305,47,0.010874447412788868,0.05259313367421481,37,37.0,"[0.972972972972973, 0.02702702702702703]",0
304,-1,-1,-2,-2.0,0.0,36,36.0,"[1.0, 0.0]",0
305,-1,-1,-2,-2.0,0.0,1,1.0,"[0.0, 1.0]",1
306,-1,-1,-2,-2.0,0.0,3,3.0,"[0.0, 1.0]",1
307,308,323,8,0.004894555546343327,0.48872631401512734,6653,6653.0,"[0.5750789117691267, 0.42492108823087327]",0
308,309,316,16,0.001171282900031656,0.48795263269400835,6584,6584.0,"[0.5776123936816525, 0.4223876063183475]",0
309,310,313,60,-0.002989064436405897,0.4690965319753375,1259,1259.0,"[0.6243050039714059, 0.37569499602859413]",0
310,311,312,54,-0.0038926792331039906,0.4995266272189349,130,130.0,"[0.4846153846153846, 0.5153846153846153]",1
311,-1,-1,-2,-2.0,0.341796875,32,32.0,"[0.21875, 0.78125]",1
312,-1,-1,-2,-2.0,0.4897959183673469,98,98.0,"[0.5714285714285714, 0.42857142857142855]",0
313,314,315,34,-0.0027884868904948235,0.4605814499925861,1129,1129.0,"[0.6403897254207263, 0.3596102745792737]",0
314,-1,-1,-2,-2.0,0.48,720,720.0,"[0.6, 0.4]",0
315,-1,-1,-2,-2.0,0.41054273946234177,409,409.0,"[0.7114914425427873, 0.2885085574572127]",0
316,317,320,6,0.007729977369308472,0.4911361326015561,5325,5325.0,"[0.5665727699530516, 0.43342723004694833]",0
317,318,319,52,-0.0022951754508540034,0.4904530838359926,5254,5254.0,"[0.5690902169775409, 0.4309097830224591]",0
318,-1,-1,-2,-2.0,0.48921707662966407,5005,5005.0,"[0.5734265734265734, 0.42657342657342656]",0
319,-1,-1,-2,-2.0,0.4993467847292785,249,249.0,"[0.4819277108433735, 0.5180722891566265]",1
320,321,322,63,0.0024517507990822196,0.4713350525689347,71,71.0,"[0.38028169014084506, 0.6197183098591549]",1
321,-1,-1,-2,-2.0,0.1049382716049383,18,18.0,"[0.05555555555555555, 0.9444444444444444]",1
322,-1,-1,-2,-2.0,0.4998220007119971,53,53.0,"[0.49056603773584906, 0.5094339622641509]",1
323,324,331,31,-0.0010282098373863846,0.4444444444444444,69,69.0,"[0.3333333333333333, 0.6666666666666666]",1
324,325,328,3,0.005107884993776679,0.379504132231405,55,55.0,"[0.2545454545454545, 0.7454545454545455]",1
325,326,327,23,-0.007398745510727167,0.23374726077428776,37,37.0,"[0.13513513513513514, 0.8648648648648649]",1
326,-1,-1,-2,-2.0,0.49382716049382713,9,9.0,"[0.4444444444444444, 0.5555555555555556]",1
327,-1,-1,-2,-2.0,0.06887755102040816,28,28.0,"[0.03571428571428571, 0.9642857142857143]",1
328,329,330,30,0.008697496727108955,0.5,18,18.0,"[0.5, 0.5]",0
329,-1,-1,-2,-2.0,0.42603550295857984,13,13.0,"[0.6923076923076923, 0.3076923076923077]",0
330,-1,-1,-2,-2.0,0.0,5,5.0,"[0.0, 1.0]",1
331,332,333,58,-0.009494791738688946,0.4591836734693877,14,14.0,"[0.6428571428571429, 0.35714285714285715]",0
332,-1,-1,-2,-2.0,0.0,4,4.0,"[0.0, 1.0]",1
333,334,335,26,-0.007450679549947381,0.18000000000000005,10,10.0,"[0.9, 0.1]",0
334,-1,-1,-2,-2.0,0.0,8,8.0,"[1.0, 0.0]",0
335,-1,-1,-2,-2.0,0.5,2,2.0,"[0.5, 0.5]",0
336,337,364,35,0.005485348869115114,0.46194307321918415,4085,4085.0,"[0.6379436964504284, 0.3620563035495716]",0
337,338,351,18,0.00011412986350478604,0.45560324143868747,3866,3866.0,"[0.648991205380238, 0.35100879461976203]",0
338,339,346,40,0.012167209293693304,0.47687277162694686,1460,1460.0,"[0.6075342465753425, 0.39246575342465756]",0
339,340,343,45,0.0022972405422478914,0.482022529732,1387,1387.0,"[0.5948089401586157, 0.40519105984138426]",0
340,341,342,28,-0.007606170605868101,0.47988312661832766,1371,1371.0,"[0.600291757840992, 0.399708242159008]",0
341,-1,-1,-2,-2.0,0.36281179138321995,21,21.0,"[0.23809523809523808, 0.7619047619047619]",1
342,-1,-1,-2,-2.0,0.47755939643347056,1350,1350.0,"[0.605925925925926, 0.3940740740740741]",0
343,344,345,0,0.004543827148154378,0.21875,16,16.0,"[0.125, 0.875]",1
344,-1,-1,-2,-2.0,0.12444444444444447,15,15.0,"[0.06666666666666667, 0.9333333333333333]",1
345,-1,-1,-2,-2.0,0.0,1,1.0,"[1.0, 0.0]",0
346,347,350,56,-0.007138598943129182,0.25595796584725095,73,73.0,"[0.8493150684931506, 0.1506849315068493]",0
347,348,349,25,0.015740977600216866,0.20244897959183672,70,70.0,"[0.8857142857142857, 0.11428571428571428]",0
348,-1,-1,-2,-2.0,0.0,43,43.0,"[1.0, 0.0]",0
349,-1,-1,-2,-2.0,0.41700960219478733,27,27.0,"[0.7037037037037037, 0.2962962962962963]",0
350,-1,-1,-2,-2.0,0.0,3,3.0,"[0.0, 1.0]",1
351,352,357,4,-0.0020380376372486353,0.4393449736700089,2406,2406.0,"[0.6741479634247715, 0.3258520365752286]",0
352,353,354,23,-0.008073319215327501,0.496128,125,125.0,"[0.544, 0.456]",0
353,-1,-1,-2,-2.0,0.0,12,12.0,"[1.0, 0.0]",0
354,355,356,10,0.0033536318223923445,0.4999608426658313,113,113.0,"[0.49557522123893805, 0.504424778761062]",1
355,-1,-1,-2,-2.0,0.4943413309189678,94,94.0,"[0.5531914893617021, 0.44680851063829785]",0
356,-1,-1,-2,-2.0,0.332409972299169,19,19.0,"[0.21052631578947367, 0.7894736842105263]",1
357,358,361,36,0.007294416427612305,0.4342750214733495,2281,2281.0,"[0.6812801402893468, 0.3187198597106532]",0
358,359,360,27,-0.0048949928022921085,0.4330677019637692,2274,2274.0,"[0.6829375549692173, 0.31706244503078274]",0
359,-1,-1,-2,-2.0,0.17608566329565734,41,41.0,"[0.9024390243902439, 0.0975609756097561]",0
360,-1,-1,-2,-2.0,0.43598435630185095,2233,2233.0,"[0.6789072995969547, 0.3210927004030452]",0
361,362,363,13,-0.0036848228191956878,0.24489795918367352,7,7.0,"[0.14285714285714285, 0.8571428571428571]",1
362,-1,-1,-2,-2.0,0.0,6,6.0,"[0.0, 1.0]",1
363,-1,-1,-2,-2.0,0.0,1,1.0,"[1.0, 0.0]",0
364,365,372,5,-0.007680168375372887,0.4934842893184045,219,219.0,"[0.4429223744292237, 0.5570776255707762]",1
365,366,371,56,-0.006158130709081888,0.33673469387755106,56,56.0,"[0.21428571428571427, 0.7857142857142857]",1
366,367,368,22,-0.000853050805744715,0.23683198769703961,51,51.0,"[0.13725490196078433, 0.8627450980392157]",1
367,-1,-1,-2,-2.0,0.0,2,2.0,"[1.0, 0.0]",0
368,369,370,11,-0.010494646150618792,0.18325697625989168,49,49.0,"[0.10204081632653061, 0.8979591836734694]",1
369,-1,-1,-2,-2.0,0.1527777777777778,48,48.0,"[0.08333333333333333, 0.9166666666666666]",1
370,-1,-1,-2,-2.0,0.0,1,1.0,"[1.0, 0.0]",0
371,-1,-1,-2,-2.0,0.0,5,5.0,"[1.0, 0.0]",0
372,373,378,49,-0.00957963615655899,0.499077872708796,163,163.0,"[0.5214723926380368, 0.4785276073619632]",0
373,374,377,11,0.016669852659106255,0.42690311418685123,68,68.0,"[0.6911764705882353, 0.3088235294117647]",0
374,375,376,17,0.007280298741534352,0.4004733727810651,65,65.0,"[0.7230769230769231, 0.27692307692307694]",0
375,-1,-1,-2,-2.0,0.0,12,12.0,"[1.0, 0.0]",0
376,-1,-1,-2,-2.0,0.448558205767177,53,53.0,"[0.660377358490566, 0.33962264150943394]",0
377,-1,-1,-2,-2.0,0.0,3,3.0,"[0.0, 1.0]",1
378,379,382,17,0.011788837611675262,0.48,95,95.0,"[0.4, 0.6]",1
379,380,381,36,0.004742237273603678,0.4296875,80,80.0,"[0.3125, 0.6875]",1
380,-1,-1,-2,-2.0,0.294543063773833,39,39.0,"[0.1794871794871795, 0.8205128205128205]",1
381,-1,-1,-2,-2.0,0.4925639500297442,41,41.0,"[0.43902439024390244, 0.5609756097560976]",1
382,383,384,12,0.011770125478506088,0.23111111111111116,15,15.0,"[0.8666666666666667, 0.13333333333333333]",0
383,-1,-1,-2,-2.0,0.13265306122448983,14,14.0,"[0.9285714285714286, 0.07142857142857142]",0
384,-1,-1,-2,-2.0,0.0,1,1.0,"[0.0, 1.0]",1
